DONid,Headline,ReportDate,Year,Link,DiseaseLevel1,DiseaseLevel2,Country,ISO,Notes,"example row: DON-1996-01-22-a,1996 - Global Cholera Update,1/22/1996,https://www.who.int/emergencies/disease-outbreak-news/item/1996_01_22a-en/,Cholera,NA,Cape Verde,CPV","kate notes: covid ones changed, added H5N8, added cholera O1. lauren notes: added invasive group A strep"
,Western equine encephalitis - Argentina,28-Dec-23,28-Dec-23,https://www.who.int/emergencies/disease-outbreak-news/item/2023-DON499,Western equine encephalitis,NA,Argentina,ARG,,,
,Dengue - Global situation,21-Dec-23,,https://www.who.int/emergencies/disease-outbreak-news/item/2023-DON498,Dengue fever,NA,Global,NA,,,
,Anthrax - Zambia,8-Dec-23,,https://www.who.int/emergencies/disease-outbreak-news/item/2023-DON497,Anthrax,NA,Zambia,ZMB,,,
,Influenza A(H1N2) variant virus infection - United Kingdom of Great Britain and Northern Ireland,1-Dec-23,,https://www.who.int/emergencies/disease-outbreak-news/item/2023-DON496,Influenza A,H1N2,United Kingdom,GBR,,,
,Avian Influenza A (H5N1) - Cambodia,29-Nov-23,,https://www.who.int/emergencies/disease-outbreak-news/item/2023-DON495,Influenza A,H5N1,Cambodia,KHM,,,
,Upsurge of respiratory illnesses among children-Northern China,23-Nov-23,,https://www.who.int/emergencies/disease-outbreak-news/item/2023-DON494,Syndromic: respiratory,NA,China,CHN,,,
,Mpox (monkeypox)- Democratic Republic of the Congo,23-Nov-23,,https://www.who.int/emergencies/disease-outbreak-news/item/2023-DON493,Monkeypox,NA,Democratic Republic of the Congo,COD,,,
,Diphtheria - Guinea,18-Oct-23,,https://www.who.int/emergencies/disease-outbreak-news/item/2023-DON492,Diptheria,NA,Guinea,GIN,,,
,Dengue - Chad,16-Oct-23,,https://www.who.int/emergencies/disease-outbreak-news/item/2023-DON491,Dengue fever,NA,Chad,TCD,,,
,Nipah Virus Infection - India,3-Oct-23,,https://www.who.int/emergencies/disease-outbreak-news/item/2023-DON490,Nipah virus,NA,India,IND,,,
,"Suspected triple outbreak of typhoid fever, shigellosis and cholera - Congo",21-Sep-23,,https://www.who.int/emergencies/disease-outbreak-news/item/2023-DON4888,Cholera,NA,Republic of Congo,COG,,,
,"Suspected triple outbreak of typhoid fever, shigellosis and cholera - Congo",21-Sep-23,,https://www.who.int/emergencies/disease-outbreak-news/item/2023-DON488,Dysentery,Shigella,Republic of Congo,COG,,,
,"Suspected triple outbreak of typhoid fever, shigellosis and cholera - Congo",21-Sep-23,,https://www.who.int/emergencies/disease-outbreak-news/item/2023-DON488,Typhoid,NA,Republic of Congo,COG,,,
,Botulism - France,20-Sep-23,,https://www.who.int/emergencies/disease-outbreak-news/item/2023-DON489,Botulism,NA,France,FRA,,,
,Legionellosis - Poland,14-Sep-23,,https://www.who.int/emergencies/disease-outbreak-news/item/2023-DON487,Legionellosis,Legionnaires' disease,Poland,POL,,,
,Diphtheria - Nigeria,13-Sep-23,,https://www.who.int/emergencies/disease-outbreak-news/item/2023-DON485,Diptheria,NA,Nigeria,NGA,,,
,Influenza A (H1N1) variant virus - the Netherlands,13-Sep-23,,https://www.who.int/emergencies/disease-outbreak-news/item/2023-DON486,Influenza A,H1N1,Netherlands,NLD,,,
,Middle East respiratory syndrome coronavirus (MERS-CoV) - Saudi Arabia,29-Aug-23,,https://www.who.int/emergencies/disease-outbreak-news/item/2023-DON484,MERS-CoV,NA,Saudi Arabia,SAU,,,
,Measles - Chile,23-Aug-23,,https://www.who.int/emergencies/disease-outbreak-news/item/2023-DON483,Measles,NA,Chile,CHL,,,
,Influenza A(H1N2)v - United States of America,11-Aug-23,,https://www.who.int/emergencies/disease-outbreak-news/item/2023-DON482,Influenza A,H1N2,United States,USA,,,
,Dengue - Bangladesh,11-Aug-23,,https://www.who.int/emergencies/disease-outbreak-news/item/2023-DON481,Dengue fever,NA,Bangladesh,BGD,,,
,Circulating vaccine-derived poliovirus type 2 (cVDPV2) - Kenya,28-Jul-23,,https://www.who.int/emergencies/disease-outbreak-news/item/2023-DON479,Polio,cVDPV2,Kenya,KEN,,,
,Circulating vaccine-derived poliovirus type 2 (cVDPV2) - United Republic of Tanzania,28-Jul-23,,https://www.who.int/emergencies/disease-outbreak-news/item/2023-DON480,Polio,cVDPV2,United Republic of Tanzania,TZA,,,
,Guillain-BarrÃ© Syndrome - Peru,25-Jul-23,,https://www.who.int/emergencies/disease-outbreak-news/item/2023-DON477,Guillain-Barre syndrome,NA,Peru,PER,,,
,Middle East Respiratory Syndrome - United Arab Emirates,24-Jul-23,,https://www.who.int/emergencies/disease-outbreak-news/item/2023-DON478,MERS-CoV,NA,United Arab Emirates,ARE,,,
,Dengue â€“ the Region of the Americas,19-Jul-23,,https://www.who.int/emergencies/disease-outbreak-news/item/2023-DON475,Dengue fever,NA,PAHO,PAHO,,,
,Influenza A(H5N1) in cats â€“ Poland,16-Jul-23,,https://www.who.int/emergencies/disease-outbreak-news/item/2023-DON476,Influenza A,H5N1,Poland,POL,,,
,Enterovirus-Echovirus 11 Infection - the European Region,7-Jul-23,,https://www.who.int/emergencies/disease-outbreak-news/item/2023-DON474,Enterovirus,NA,United Kingdom,GBR,,,
,Enterovirus-Echovirus 11 Infection - the European Region,7-Jul-23,,https://www.who.int/emergencies/disease-outbreak-news/item/2023-DON474,Enterovirus,NA,Sweden,SWE,,,
,Enterovirus-Echovirus 11 Infection - the European Region,7-Jul-23,,https://www.who.int/emergencies/disease-outbreak-news/item/2023-DON474,Enterovirus,NA,Spain,ESP,,,
,Enterovirus-Echovirus 11 Infection - the European Region,7-Jul-23,,https://www.who.int/emergencies/disease-outbreak-news/item/2023-DON474,Enterovirus,NA,Italy,ITA,,,
,Enterovirus-Echovirus 11 Infection - the European Region,7-Jul-23,,https://www.who.int/emergencies/disease-outbreak-news/item/2023-DON474,Enterovirus,NA,Croatia,HRV,,,
,Enterovirus-Echovirus 11 Infection - the European Region,7-Jul-23,,https://www.who.int/emergencies/disease-outbreak-news/item/2023-DON474,Enterovirus,NA,France,FRA,,,
,Influenza A(H1N1) variant virus - Brazil,16-Jun-23,,https://www.who.int/emergencies/disease-outbreak-news/item/2023-DON473,Influenza A,H1N1,Brazil,BRA,,,
,Marburg virus disease - Equitorial Guinea,9-Jun-23,,https://www.who.int/emergencies/disease-outbreak-news/item/2023-DON472,Marburg fever,NA,Equatorial Guinea,GNQ,,,
,Marburg virus disease - the United Republic of Tanzania,2-Jun-23,,https://www.who.int/emergencies/disease-outbreak-news/item/2023-DON471,Marburg fever,NA,United Republic of Tanzania,TZA,,,
,Outbreak of suspected fungal meningitis associated with surgical procedures performed under spinal anaesthesia â€“ the United States of America and Mexico,1-Jun-23,,https://www.who.int/emergencies/disease-outbreak-news/item/2023-DON469 ,Syndromic: neurological,Meningitis: cerebrospinal,Mexico,MEX,,,
,Outbreak of suspected fungal meningitis associated with surgical procedures performed under spinal anaesthesia â€“ the United States of America and Mexico,1-Jun-23,,https://www.who.int/emergencies/disease-outbreak-news/item/2023-DON470,Syndromic: neurological,Meningitis: cerebrospinal,United States,USA,,,
,Enterovirus Infection - France,31-May-23,,https://www.who.int/emergencies/disease-outbreak-news/item/2023-DON469,Enterovirus,NA,France,FRA,,,
,Avian Influenza A(H5N1) - United Kingdom of Great Britain and Northern Ireland,30-May-23,,https://www.who.int/emergencies/disease-outbreak-news/item/2023-DON468,Influenza A,H5N1,United Kingdom,GBR,,,
,Myocarditis - United Kingdom of Great Britain and Northern Ireland,17-May-23,,https://www.who.int/emergencies/disease-outbreak-news/item/2023-DON465,Syndromic: cardiovascular,Myocarditis,United Kingdom,GBR,,,
,Marburg virus disease - Equatorial Guinea and the United Republic of Tanzania,8-May-23,,https://www.who.int/emergencies/disease-outbreak-news/item/2023-DON466 ,Marburg fever,NA,United Republic of Tanzania,TZA,,,
,Marburg virus disease - Equatorial Guinea and the United Republic of Tanzania,8-May-23,,https://www.who.int/emergencies/disease-outbreak-news/item/2023-DON467,Marburg fever,NA,Equatorial Guinea,GNQ,,,
,Acute Hepatitis E - South Sudan,5-May-23,,https://www.who.int/emergencies/disease-outbreak-news/item/2023-DON466,Hepatitis E,NA,South Sudan,SSD,,,
,Measles - Ethiopia,4-May-23,,https://www.who.int/emergencies/disease-outbreak-news/item/2023-DON460,Measles,NA,Ethiopia,ETH,,,
,Lassa Fever - Nigeria,1-May-23,,https://www.who.int/emergencies/disease-outbreak-news/item/2023-DON463,Lassa fever,NA,Nigeria,NGA,,,
,Measles - Indonesia,28-Apr-23,,https://www.who.int/emergencies/disease-outbreak-news/item/2023-DON462,Measles,NA,Indonesia,IDN,,,
,Diphtheria - Nigeria,27-Apr-23,,https://www.who.int/emergencies/disease-outbreak-news/item/2023-DON452,Diptheria,NA,Nigeria,NGA,,,
,Meningitis - Nigeria,27-Apr-23,,https://who.int/emergencies/disease-outbreak-news/item/2023-DON454,Syndromic: neurological,Meningitis: cerebrospinal,Nigeria,NGA,,,
,Human Infection caused by Avian Influenza A (H5N1) - Chile,21-Apr-23,,https://www.who.int/emergencies/disease-outbreak-news/item/2023-DON461,Influenza A,H5N1,Chile,CHL,,,
,Circulating vaccine-derived poliovirus type 2 (cVDPV2) - Burundi,20-Apr-23,,https://www.who.int/emergencies/disease-outbreak-news/item/2023-DON457,Polio,cVDPV2,Burundi,BDI,,,
,Circulating vaccine-derived poliovirus type 2 (cVDPV2) - Indonesia,17-Apr-23,,https://www.who.int/emergencies/disease-outbreak-news/item/2023-DON458,Polio,cVDPV2,Indonesia,IDN,,,
,Marburg virus disease - Equatorial Guinea,15-Apr-23,,https://www.who.int/emergencies/disease-outbreak-news/item/2023-DON459,Marburg fever,NA,Equatorial Guinea,GNQ,,,
,Avian Influenza A(H3N8) - China,11-Apr-23,,https://www.who.int/emergencies/disease-outbreak-news/item/2023-DON456,Influenza A,H3N8,China,CHN,,,
,Pneumococcal meningitis- Togo,11-Apr-23,,https://www.who.int/emergencies/disease-outbreak-news/item/2023-DON455,Syndromic: neurological,Meningitis: cerebrospinal,Togo,TGO,,,
,Human infection caused by avian influenza A(H5) - Chile,6-Apr-23,,https://www.who.int/emergencies/disease-outbreak-news/item/2023-DON453,Influenza A,H5N1,Chile,CHL,,,
,Iatrogenic Botulism- European Region,24-Mar-23,,https://www.who.int/emergencies/disease-outbreak-news/item/2023-DON450,Botulism,NA,EURO,EURO,,,
,Marburg virus disease- United Republic of Tanzania,24-Mar-23,,https://www.who.int/emergencies/disease-outbreak-news/item/2023-DON451,Marburg fever,NA,United Republic of Tanzania,TZA,,,
,Geographical expansion of cases of dengue and chikungunya beyond the historical areas of transmission in the Region of the Americas,23-Mar-23,,https://www.who.int/emergencies/disease-outbreak-news/item/2023-DON448,Chikungunya,NA,Argentina,ARG,,,
,Geographical expansion of cases of dengue and chikungunya beyond the historical areas of transmission in the Region of the Americas,23-Mar-23,,https://www.who.int/emergencies/disease-outbreak-news/item/2023-DON448,Chikungunya,NA,Bolivia,BOL,,,
,Geographical expansion of cases of dengue and chikungunya beyond the historical areas of transmission in the Region of the Americas,23-Mar-23,,https://www.who.int/emergencies/disease-outbreak-news/item/2023-DON448,Chikungunya,NA,Brazil,BRA,,,
,Geographical expansion of cases of dengue and chikungunya beyond the historical areas of transmission in the Region of the Americas,23-Mar-23,,https://www.who.int/emergencies/disease-outbreak-news/item/2023-DON448,Chikungunya,NA,Paraguay,PRY,,,
,Geographical expansion of cases of dengue and chikungunya beyond the historical areas of transmission in the Region of the Americas,23-Mar-23,,https://www.who.int/emergencies/disease-outbreak-news/item/2023-DON448,Chikungunya,NA,Peru,PER,,,
,Geographical expansion of cases of dengue and chikungunya beyond the historical areas of transmission in the Region of the Americas,23-Mar-23,,https://www.who.int/emergencies/disease-outbreak-news/item/2023-DON448,Dengue fever,NA,Peru,PER,,,
,Geographical expansion of cases of dengue and chikungunya beyond the historical areas of transmission in the Region of the Americas,23-Mar-23,,https://www.who.int/emergencies/disease-outbreak-news/item/2023-DON448,Dengue fever,NA,Paraguay,PRY,,,
,Geographical expansion of cases of dengue and chikungunya beyond the historical areas of transmission in the Region of the Americas,23-Mar-23,,https://www.who.int/emergencies/disease-outbreak-news/item/2023-DON448,Dengue fever,NA,Bolivia,BOL,,,
,Marburg virus disease - Equatorial Guinea,22-Mar-23,,https://www.who.int/emergencies/disease-outbreak-news/item/2023-DON449,Marburg fever,NA,Equatorial Guinea,GNQ,,,
,Measles - South Africa,21-Mar-23,,https://www.who.int/emergencies/disease-outbreak-news/item/2023-DON447,Measles,NA,South Africa,SSD,,,
,Measles - Nepal,14-Mar-23,,https://www.who.int/emergencies/disease-outbreak-news/item/2023-DON446,Measles,NA,Nepal,NPL,,,
,Avian Influenza A (H5N1) - Cambodia,26-Feb-23,,https://www.who.int/emergencies/disease-outbreak-news/item/2023-DON445,Influenza A,H5N1,Cambodia,KHM,,,
,Marburg virus disease - Equatorial Guinea,25-Feb-23,,https://www.who.int/emergencies/disease-outbreak-news/item/2023-DON444,Marburg fever,NA,Equatorial Guinea,GNQ,,,
,Cholera - Mozambique,24-Feb-23,,https://www.who.int/emergencies/disease-outbreak-news/item/2023-DON443,Cholera,NA,Mozambique,MOZ,,,
,Nipah virus infection - Bangladesh,17-Feb-23,,https://www.who.int/emergencies/disease-outbreak-news/item/2023-DON442,Nipah virus,NA,Bangladesh,BGD,,,
,Cholera â€“ Global situation,11-Feb-23,,https://www.who.int/emergencies/disease-outbreak-news/item/2023-DON437,Cholera,NA,Global,NA,,,
,Measles - South Sudan,10-Feb-23,,https://www.who.int/emergencies/disease-outbreak-news/item/2023-DON440,Measles,NA,South Sudan,SSD,,,
,Cholera - Democratic Republic of the Congo,10-Feb-23,,https://www.who.int/emergencies/disease-outbreak-news/item/2023-DON441,Cholera,NA,Democratic Republic of the Congo,COD,,,
,Cholera - Malawi,9-Feb-23,,https://www.who.int/emergencies/disease-outbreak-news/item/2022-DON435,Cholera,NA,Malawi,MWI,,,
,Middle East Respiratory Syndrome - Oman,8-Feb-23,,https://www.who.int/emergencies/disease-outbreak-news/item/2023-DON436,MERS-CoV,NA,Oman,OMN,,,
,Meningitis - Niger,8-Feb-23,,https://www.who.int/emergencies/disease-outbreak-news/item/2023-DON439,Meningococcal disease,NA,Niger,NER,,,
,Measles - Paraguay,2-Feb-23,,https://www.who.int/emergencies/disease-outbreak-news/item/2023-DON438,Measles,NA,Paraguay,PRY,,,
,Human infection caused by avian influenza A(H5) - Ecuador,18-Jan-23,,https://www.who.int/emergencies/disease-outbreak-news/item/2023-DON434,Influenza A,H5NX,Ecuador,ECU,,,
,Ebola disease caused by Sudan ebolavirus â€“ Uganda,14-Jan-23,,https://www.who.int/emergencies/disease-outbreak-news/item/2023-DON433,Ebola virus,NA,Uganda,UGA,,,
,Circulating vaccine-derived poliovirus type 2 - Sudan,12-Jan-23,,https://www.who.int/emergencies/disease-outbreak-news/item/2023-DON362,Polio,cVDPV2,Sudan,SDN,,,
,Yellow fever - African Region (AFRO),3-Jan-23,,https://www.who.int/emergencies/disease-outbreak-news/item/2022-DON431,Yellow fever,NA,Global,NA,African region,,
,Circulating vaccine-derived poliovirus type 2 (cVDPV2) - Indonesia,19-Dec-22,,https://www.who.int/emergencies/disease-outbreak-news/item/2022-DON430,Polio,cVDPV2,Indonesia,IDN,,,
,Cholera - Global situation,16-Dec-22,,https://www.who.int/emergencies/disease-outbreak-news/item/2022-DON426,Cholera,NA,Global,NA,23 countries - mainly in WHO Regions of Africa and Eastern Mediterranean ,,
,Increased incidence of scarlet fever and invasive Group A Streptococcus infection - multi-country,15-Dec-22,,https://www.who.int/emergencies/disease-outbreak-news/item/2022-DON429,Group A Streptococcus,NA,France,FRA,Split into 5,,
,Increased incidence of scarlet fever and invasive Group A Streptococcus infection - multi-country,15-Dec-22,,https://www.who.int/emergencies/disease-outbreak-news/item/2022-DON429,Group A Streptococcus,NA,Ireland,IRL,Split into 5,,
,Increased incidence of scarlet fever and invasive Group A Streptococcus infection - multi-country,15-Dec-22,,https://www.who.int/emergencies/disease-outbreak-news/item/2022-DON429,Group A Streptococcus,NA,Netherlands,NLD,Split into 5,,
,Increased incidence of scarlet fever and invasive Group A Streptococcus infection - multi-country,15-Dec-22,,https://www.who.int/emergencies/disease-outbreak-news/item/2022-DON429,Group A Streptococcus,NA,Sweden,SWE,Split into 5,,
,Increased incidence of scarlet fever and invasive Group A Streptococcus infection - multi-country,15-Dec-22,,https://www.who.int/emergencies/disease-outbreak-news/item/2022-DON429,Group A Streptococcus,NA,United Kingdom,GBR,Split into 5,,
,Cholera - Haiti,13-Dec-22,,https://www.who.int/emergencies/disease-outbreak-news/item/2022-DON427,Cholera,NA,Haiti,HTI,,,
,Ebola disease caused by Sudan ebolavirus â€“ Uganda,8-Dec-22,,https://www.who.int/emergencies/disease-outbreak-news/item/2022-DON428,Ebola virus,NA,Uganda,UGA,,,
,Dengue - Bangladesh,28-Nov-22,,https://www.who.int/emergencies/disease-outbreak-news/item/2022-DON424,Dengue fever,NA,Bangladesh,BGD,,,
,Ebola disease caused by Sudan ebolavirus â€“ Uganda,24-Nov-22,,https://www.who.int/emergencies/disease-outbreak-news/item/2022-DON425,Ebola virus,NA,Uganda,UGA,,,
,Middle East respiratory syndrome coronavirus (MERS-CoV) - Saudi Arabia,16-Nov-22,,https://www.who.int/emergencies/disease-outbreak-news/item/2022-DON422,MERS-CoV,NA,Saudi Arabia,SAU,,,
,Ebola disease caused by Sudan ebolavirus â€“ Uganda,10-Nov-22,,https://www.who.int/emergencies/disease-outbreak-news/item/2022-DON423,Ebola virus,NA,Uganda,UGA,,,
,Cholera - Malawi,7-Nov-22,,https://www.who.int/emergencies/disease-outbreak-news/item/2022-DON419,Cholera,NA,Malawi,MWI,,,
,Avian Influenza A (H5N1) - Spain,3-Nov-22,,https://www.who.int/emergencies/disease-outbreak-news/item/2022-DON420,Influenza A,H5N1,Spain,ESP,,,
,Ebola Disease caused by Sudan virus - Uganda,28-Oct-22,,https://www.who.int/emergencies/disease-outbreak-news/item/2022-DON421,Ebola virus,NA,Uganda,UGA,,,
,Rift Valley fever - Mauritania,20-Oct-22,,https://www.who.int/emergencies/disease-outbreak-news/item/2022-DON417,Rift Valley fever,NA,Mauritania,MRT,,,
,Cholera - Lebanon,19-Oct-22,,https://www.who.int/emergencies/disease-outbreak-news/item/2022-DON416,Cholera,NA,Lebanon,LBN,,,
,Malaria - Pakistan,17-Oct-22,,https://www.who.int/emergencies/disease-outbreak-news/item/2022-DON413,Malaria,NA,Pakistan,PAK,,,
,Dengue - Pakistan,13-Oct-22,,https://www.who.int/emergencies/disease-outbreak-news/item/2022-DON414,Dengue fever,NA,Pakistan,PAK,,,
,Cholera - Haiti,12-Oct-22,,https://www.who.int/emergencies/disease-outbreak-news/item/2022-DON415,Cholera,NA,Haiti,HTI,,,
,Dengue - Nepal,10-Oct-22,,https://www.who.int/emergencies/disease-outbreak-news/item/2022-DON412,Dengue fever,NA,Nepal,NPL,,,
,Ebola Virus Disease â€“Democratic Republic of the Congo,29-Sep-22,,https://www.who.int/emergencies/disease-outbreak-news/item/2022-DON411,Ebola virus,NA,Democratic Republic of the Congo,COD,,,
,Marburg virus - Ghana,28-Sep-22,,https://www.who.int/emergencies/disease-outbreak-news/item/2022-DON409,Marburg fever,NA,Ghana,GHA,,,
,Ebola Disease caused by Sudan virus - Uganda,26-Sep-22,,https://www.who.int/emergencies/disease-outbreak-news/item/2022-DON410,Ebola virus,NA,Uganda,UGA,,,
,Circulating vaccine-derived poliovirus type 2 (cVDPV2) - Algeria,13-Sep-22,,https://www.who.int/emergencies/disease-outbreak-news/item/2022-DON406,Polio,cVDPV2,Algeria,DZA,,,
,Legionellosis - Argentina,5-Sep-22,,https://www.who.int/emergencies/disease-outbreak-news/item/2022-DON407,Legionellosis,NA,Argentina,ARG,,,
,"Yellow fever - East, West, and Central Africa",2-Sep-22,,https://www.who.int/emergencies/disease-outbreak-news/item/2022-DON405,Yellow fever,NA,Global,NA,just African region,,
,Ebola virus disease - Democratic Republic of the Congo,25-Aug-22,,https://www.who.int/emergencies/disease-outbreak-news/item/2022-DON404,Ebola virus,NA,Democratic Republic of the Congo,COD,,,
,Detection of circulating vaccine derived polio virus 2 (cVDPV2) in environmental samplesÐ the United Kingdom of Great Britain and Northern Ireland and the United States of America,14-Sep-22,,https://www.who.int/emergencies/disease-outbreak-news/item/2022-DON408,Polio,cVDPV2,United States,USA,,,
,Detection of circulating vaccine derived polio virus 2 (cVDPV2) in environmental samplesÐ the United Kingdom of Great Britain and Northern Ireland and the United States of America,14-Sep-22,,https://www.who.int/emergencies/disease-outbreak-news/item/2022-DON408,Polio,cVDPV2,United Kingdom,GBR,,,
,Leptospirosis - United Republic of Tanzania,12-Aug-22,,https://www.who.int/emergencies/disease-outbreak-news/item/2022-DON403,Leptospirosis,NA,United Republic of Tanzania,TZA,,,
,Dengue in Rohingya refugee/Forcibly Displaced Myanmar Nationals (FDMN) camps in Coxâ€™s Bazar - Bangladesh,3-Aug-22,,https://www.who.int/emergencies/disease-outbreak-news/item/2022-DON401,Dengue fever,NA,Bangladesh,BGD,,,
,Marburg virus - Ghana,22-Jul-22,,https://www.who.int/emergencies/disease-outbreak-news/item/2022-DON402,Marburg fever,NA,Ghana,GHA,,,
,Cholera - Somalia,20-Jul-22,,https://www.who.int/emergencies/disease-outbreak-news/item/2022-DON398_1,Cholera,NA,Somalia,SOM,,,
,Severe acute hepatitis of unknown aetiology in children - Multi-country,12-Jul-22,,https://www.who.int/emergencies/disease-outbreak-news/item/2022-DON400,Syndromic: hepatological,Severe acute hepatitis of unknown aetiology in children,Global,NA,,,
,Ebola virus disease - Democratic Republic of the Congo,4-Jul-22,,https://www.who.int/emergencies/disease-outbreak-news/item/2022-DON398,Ebola virus,NA,Democratic Republic of the Congo,COD,,,
,Multi-country monkeypox outbreak: situation update,27-Jun-22,,https://www.who.int/emergencies/disease-outbreak-news/item/2022-DON396,Monkeypox,NA,Multi-country,NA,Situation update,,
,Severe acute hepatitis of unknown aetiology in children - Multi-country,24-Jun-22,,https://www.who.int/emergencies/disease-outbreak-news/item/2022-DON394,Syndromic: hepatological,Severe acute hepatitis of unknown aetiology in children,Global,NA,,,
,Wild poliovirus type 1 (WPV1) - Mozambique,23-Jun-22,,https://www.who.int/emergencies/disease-outbreak-news/item/2022-DON395,Polio,WPV: WPV1,Mozambique,MOZ,,,
,Multi-country monkeypox outbreak: situation update,17-Jun-22,,https://www.who.int/emergencies/disease-outbreak-news/item/2022-DON393,Monkeypox,NA,Global,NA,Situation update,,
,Cholera - Pakistan,17-Jun-22,,https://www.who.int/emergencies/disease-outbreak-news/item/2022-DON391,Cholera,NA,Pakistan,PAK,,,
,Multi-country monkeypox outbreak: situation update,10-Jun-22,,https://www.who.int/emergencies/disease-outbreak-news/item/2022-DON392,Monkeypox,NA,Global,NA,Situation update,,
,Multi-country monkeypox outbreak: situation update,4-Jun-22,,https://www.who.int/emergencies/disease-outbreak-news/item/2022-DON390,Monkeypox,NA,Global,NA,Situation update,,
,Crimean-Congo Hemorrhagic Fever - Iraq,1-Jun-22,,https://www.who.int/emergencies/disease-outbreak-news/item/2022-DON386,Crimean-Congo haemorrhagic fever,NA,Iraq,IRQ,,,
,Multi-country monkeypox outbreak in non-endemic countries: Update,29-May-22,,https://www.who.int/emergencies/disease-outbreak-news/item/2022-DON388,Monkeypox,NA,Global,NA,Update,,
,Acute hepatitis of unknown aetiology in children - Multi-country,27-May-22,,https://www.who.int/emergencies/disease-outbreak-news/item/DON-389,Syndromic: hepatological,Severe acute hepatitis of unknown aetiology in children,Global,NA,,,
,Dengue - Sao Tome and Principe,26-May-22,,https://www.who.int/emergencies/disease-outbreak-news/item/2022-DON387,Dengue fever,NA,Sao Tome and Principe,STP,,,
,Multi-country monkeypox outbreak in non-endemic countries,21-May-22,,https://www.who.int/emergencies/disease-outbreak-news/item/2022-DON385,Monkeypox,NA,Global,NA,,,
,Influenza A(H1N1) - Germany,19-May-22,,https://www.who.int/emergencies/disease-outbreak-news/item/2022-DON384,Influenza A,H1N1,Germany,DEU,,,
,Monkeypox - United Kingdom of Great Britain and Northern Ireland,18-May-22,,https://www.who.int/emergencies/disease-outbreak-news/item/2022-DON383,Monkeypox,NA,United Kingdom,GBR,,,
,Middle East respiratory syndrome coronavirus - Oman,17-May-22,,https://www.who.int/emergencies/disease-outbreak-news/item/2022-DON380,MERS-CoV,NA,Oman,OMN,,,
,Cholera - Cameroon,16-May-22,,https://www.who.int/emergencies/disease-outbreak-news/item/2022-DON374,Cholera,NA,Cameroon,CMR,,,
,Monkeypox - United Kingdom of Great Britain and Northern Ireland,16-May-22,,https://www.who.int/emergencies/disease-outbreak-news/item/2022-DON381,Monkeypox,NA,United Kingdom,GBR,,,
,Lassa fever - Guinea,13-May-22,,https://www.who.int/emergencies/disease-outbreak-news/item/2022-DON382,Lassa fever,NA,Guinea,GIN,,,
,Middle East respiratory syndrome coronavirus (MERS-CoV) - Qatar,12-May-22,,https://www.who.int/emergencies/disease-outbreak-news/item/2022-DON370,MERS-CoV,NA,Qatar,QAT,,,
,Avian Influenza A(H3N8) - China,9-May-22,,https://www.who.int/emergencies/disease-outbreak-news/item/2022-DON378,Influenza A,H3N8,China,CHN,subtype not in disease crosstable,,
,Avian Influenza A (H5N1) - United States of America,6-May-22,,https://www.who.int/emergencies/disease-outbreak-news/item/2022-E000111,Influenza A,H5N1,United States,USA,,,
,Japanese encephalitis - Australia,28-Apr-22,,https://www.who.int/emergencies/disease-outbreak-news/item/2022-DON365,Japanese encephalitis,NA,Australia,AUS,,,
,Ebola virus disease - Democratic Republic of the Congo,28-Apr-22,,https://www.who.int/emergencies/disease-outbreak-news/item/2022-DON377,Ebola virus,NA,Democratic Republic of the Congo,COD,,,
,Multi-country outbreak of Salmonella Typhimurium linked to chocolate products Ð Europe and the United States of America,27-Apr-22,,https://www.who.int/emergencies/disease-outbreak-news/item/2022-DON369,Salmonella enterica,NA,Global,NA,,,
,Measles - Somalia,27-Apr-22,,https://www.who.int/emergencies/disease-outbreak-news/item/2022-DON371,Measles,NA,Somalia,SOM,,,
,Cholera - Malawi,27-Apr-22,,https://www.who.int/emergencies/disease-outbreak-news/item/2022-DON372,Cholera,NA,Malawi,MWI,,,
,Yellow Fever Ð Uganda,25-Apr-22,,https://www.who.int/emergencies/disease-outbreak-news/item/2022-DON367,Yellow fever,NA,Uganda,UGA,,,
,"Multi-Country â€“ Acute, severe hepatitis of unknown origin in children",23-Apr-22,,https://www.who.int/emergencies/disease-outbreak-news/item/2022-DON376,Syndromic: hepatological,Severe acute hepatitis of unknown aetiology in children,Global,NA,,,
,Circulating vaccine-derived poliovirus type 3 â€“ Israel,15-Apr-22,,https://www.who.int/emergencies/disease-outbreak-news/item/2022-DON366,Polio,WPV: WPV3,Israel,ISR,,,
,Acute hepatitis of unknown aetiology â€“ the United Kingdom of Great Britain and Northern Ireland,15-Apr-22,,https://www.who.int/emergencies/disease-outbreak-news/item/2022-DON368,Syndromic: hepatological,Severe acute hepatitis of unknown aetiology in children,United Kingdom,GBR,SARS-CoV-2 and/or adenovirus have been detected in several cases,,
,Middle East respiratory syndrome coronavirus (MERS-CoV) â€“ Saudi Arabia,7-Apr-22,,https://www.who.int/emergencies/disease-outbreak-news/item/2022-DON363,MERS-CoV,NA,Saudi Arabia,SAU,bi-annual update',,
,Yellow fever - Kenya,25-Mar-22,,https://www.who.int/emergencies/disease-outbreak-news/item/2022-DON361,Yellow fever,NA,Kenya,KEN,,,
,Extensively drug-resistant Shigella sonnei infections - Europe - European Region (EURO),24-Mar-22,,https://www.who.int/emergencies/disease-outbreak-news/item/2022-DON364,Dysentery,Shigella,United Kingdom,GBR,Specifically 'extensively drug-resistant Shigella sonnei infections' - not in disease crosstable. Split into 10,,
,Extensively drug-resistant Shigella sonnei infections - Europe - European Region (EURO),24-Mar-22,,https://www.who.int/emergencies/disease-outbreak-news/item/2022-DON364,Dysentery,Shigella,Austria,AUT,Split into 10,,
,Extensively drug-resistant Shigella sonnei infections - Europe - European Region (EURO),24-Mar-22,,https://www.who.int/emergencies/disease-outbreak-news/item/2022-DON364,Dysentery,Shigella,Belgium,BEL,Split into 10,,
,Extensively drug-resistant Shigella sonnei infections - Europe - European Region (EURO),24-Mar-22,,https://www.who.int/emergencies/disease-outbreak-news/item/2022-DON364,Dysentery,Shigella,Denmark,DNK,Split into 10,,
,Extensively drug-resistant Shigella sonnei infections - Europe - European Region (EURO),24-Mar-22,,https://www.who.int/emergencies/disease-outbreak-news/item/2022-DON364,Dysentery,Shigella,France,FRA,Split into 10,,
,Extensively drug-resistant Shigella sonnei infections - Europe - European Region (EURO),24-Mar-22,,https://www.who.int/emergencies/disease-outbreak-news/item/2022-DON364,Dysentery,Shigella,Germany,DEU,Split into 10,,
,Extensively drug-resistant Shigella sonnei infections - Europe - European Region (EURO),24-Mar-22,,https://www.who.int/emergencies/disease-outbreak-news/item/2022-DON364,Dysentery,Shigella,Ireland,IRL,Split into 10,,
,Extensively drug-resistant Shigella sonnei infections - Europe - European Region (EURO),24-Mar-22,,https://www.who.int/emergencies/disease-outbreak-news/item/2022-DON364,Dysentery,Shigella,Italy,ITA,Split into 10,,
,Extensively drug-resistant Shigella sonnei infections - Europe - European Region (EURO),24-Mar-22,,https://www.who.int/emergencies/disease-outbreak-news/item/2022-DON364,Dysentery,Shigella,Norway,NOR,Split into 10,,
,Extensively drug-resistant Shigella sonnei infections - Europe - European Region (EURO),24-Mar-22,,https://www.who.int/emergencies/disease-outbreak-news/item/2022-DON364,Dysentery,Shigella,Spain,ESP,Split into 10,,
,Lassa fever - Togo,24-Mar-22,,https://www.who.int/emergencies/disease-outbreak-news/item/2022-DON362,Lassa fever,NA,Togo,TGO,,,
,Wild poliovirus type 1 (WPV1) - Malawi,3-Mar-22,,https://www.who.int/emergencies/disease-outbreak-news/item/wild-poliovirus-type-1-(WPV1)-malawi,Polio,WPV: WPV1,Malawi,MWI,,,
,Lassa Fever â€“ United Kingdom of Great Britain and Northern Ireland,21-Feb-22,,https://www.who.int/emergencies/disease-outbreak-news/item/lassa-fever-united-kingdom-of-great-britain-and-northern-ireland,Lassa fever,NA,United Kingdom,GBR,,,
,Lassa Fever - Nigeria,14-Feb-22,,https://www.who.int/emergencies/disease-outbreak-news/item/lassa-fever---nigeria,Lassa fever,NA,Nigeria,NGA,,,
,Measles - Afghanistan,10-Feb-22,,https://www.who.int/emergencies/disease-outbreak-news/item/measles-afghanistan,Measles,NA,Afghanistan,AFG,,,
,Dengue - Timor-Leste,4-Feb-22,,https://www.who.int/emergencies/disease-outbreak-news/item/dengue---timor-leste,Dengue fever,NA,Timor-Leste,TLS,,,
,Cholera - Benin,25-Jan-22,,https://www.who.int/emergencies/disease-outbreak-news/item/cholera-benin,Cholera,NA,Benin,BEN,,,
,Hepatitis E - Chad,17-Jan-22,,https://www.who.int/emergencies/disease-outbreak-news/item/2022-DON352,Hepatitis E,NA,Chad,TCD,,,
,Influenza A (H5) - United Kingdom of Great Britain and Northern Ireland,14-Jan-22,,https://www.who.int/emergencies/disease-outbreak-news/item/influenza-a-(h5)---united-kingdom-of-great-britain-and-northern-ireland,Influenza A,H5N1,United Kingdom,GBR,,,
,"Yellow Fever - West and Central Africa (Cameroon, Chad, Central African Republic (CAR), CÃ´te d'Ivoire, the Democratic Republic of Congo (DRC), Ghana, Niger, Nigeria, and Republic of Congo)",23-Dec-21,,https://www.who.int/emergencies/disease-outbreak-news/item/yellow-fever---west-and-central-africa,Yellow fever,NA,Cameroon,CMR,split into 9,,
,"Yellow Fever - West and Central Africa (Cameroon, Chad, Central African Republic (CAR), CÃ´te d'Ivoire, the Democratic Republic of Congo (DRC), Ghana, Niger, Nigeria, and Republic of Congo)",23-Dec-21,,https://www.who.int/emergencies/disease-outbreak-news/item/yellow-fever---west-and-central-africa,Yellow fever,NA,Chad,TCD,,,
,"Yellow Fever - West and Central Africa (Cameroon, Chad, Central African Republic (CAR), CÃ´te d'Ivoire, the Democratic Republic of Congo (DRC), Ghana, Niger, Nigeria, and Republic of Congo)",23-Dec-21,,https://www.who.int/emergencies/disease-outbreak-news/item/yellow-fever---west-and-central-africa,Yellow fever,NA,Central African Republic,CAF,,,
,"Yellow Fever - West and Central Africa (Cameroon, Chad, Central African Republic (CAR), CÃ´te d'Ivoire, the Democratic Republic of Congo (DRC), Ghana, Niger, Nigeria, and Republic of Congo)",23-Dec-21,,https://www.who.int/emergencies/disease-outbreak-news/item/yellow-fever---west-and-central-africa,Yellow fever,NA,CÃ´te d'Ivoire,CIV,,,
,"Yellow Fever - West and Central Africa (Cameroon, Chad, Central African Republic (CAR), CÃ´te d'Ivoire, the Democratic Republic of Congo (DRC), Ghana, Niger, Nigeria, and Republic of Congo)",23-Dec-21,,https://www.who.int/emergencies/disease-outbreak-news/item/yellow-fever---west-and-central-africa,Yellow fever,NA,Democratic Republic of the Congo,COD,,,
,"Yellow Fever - West and Central Africa (Cameroon, Chad, Central African Republic (CAR), CÃ´te d'Ivoire, the Democratic Republic of Congo (DRC), Ghana, Niger, Nigeria, and Republic of Congo)",23-Dec-21,,https://www.who.int/emergencies/disease-outbreak-news/item/yellow-fever---west-and-central-africa,Yellow fever,NA,Ghana,GHA,duplicate? previous DON for just Yellow Fever in Ghana,,
,"Yellow Fever - West and Central Africa (Cameroon, Chad, Central African Republic (CAR), CÃ´te d'Ivoire, the Democratic Republic of Congo (DRC), Ghana, Niger, Nigeria, and Republic of Congo)",23-Dec-21,,https://www.who.int/emergencies/disease-outbreak-news/item/yellow-fever---west-and-central-africa,Yellow fever,NA,Niger,NER,,,
,"Yellow Fever - West and Central Africa (Cameroon, Chad, Central African Republic (CAR), CÃ´te d'Ivoire, the Democratic Republic of Congo (DRC), Ghana, Niger, Nigeria, and Republic of Congo)",23-Dec-21,,https://www.who.int/emergencies/disease-outbreak-news/item/yellow-fever---west-and-central-africa,Yellow fever,NA,Nigeria,NGA,,,
,"Yellow Fever - West and Central Africa (Cameroon, Chad, Central African Republic (CAR), CÃ´te d'Ivoire, the Democratic Republic of Congo (DRC), Ghana, Niger, Nigeria, and Republic of Congo)",23-Dec-21,,https://www.who.int/emergencies/disease-outbreak-news/item/yellow-fever---west-and-central-africa,Yellow fever,NA,Republic of Congo,COG,,,
,Hepatitis E Virus â€“ Republic of South Sudan,23-Dec-21,,https://www.who.int/emergencies/disease-outbreak-news/item/hepatitis-e-virus-republic-of-south-sudan,Hepatitis E,NA,South Sudan,SSD,,,
,Ebola virus disease â€“ Democratic Republic of the Congo,16-Dec-21,,https://www.who.int/emergencies/disease-outbreak-news/item/2021-DON351,Ebola virus,NA,Democratic Republic of the Congo,COD,,,
,Cholera - Cameroon,16-Dec-21,,https://www.who.int/emergencies/disease-outbreak-news/item/cholera-cameroon,Cholera,NA,Cameroon,CMR,,,
,Dengue fever - Pakistan,14-Dec-21,,https://www.who.int/emergencies/disease-outbreak-news/item/dengue-fever-pakistan,Dengue fever,NA,Pakistan,PAK,,,
,Middle East respiratory syndrome coronavirus (MERS-CoV) â€“ United Arab Emirates,13-Dec-21,,https://www.who.int/emergencies/disease-outbreak-news/item/middle-east-respiratory-syndrome-coronavirus-(mers-cov)-united-arab-emirates,MERS-CoV,NA,United Arab Emirates,ARE,,,
,Circulating vaccine-derived poliovirus type 2 (cVDPV2) â€“ Yemen,9-Dec-21,,https://www.who.int/emergencies/disease-outbreak-news/item/circulating-vaccine-derived-poliovirus-type-2-(cvdpv2)-yemen,Polio,cVDPV2,Yemen,YEM,,,
,Yellow Fever - Ghana,1-Dec-21,,https://www.who.int/emergencies/disease-outbreak-news/item/yellow-fever---ghana,Yellow fever,NA,Ghana,GHA,,,
,Monkeypox - United States of America,25-Nov-21,,https://www.who.int/emergencies/disease-outbreak-news/item/2021-DON344,Monkeypox,NA,United States,USA,,,
,Circulating vaccine-derived poliovirus type 2 (cVDPV2) â€“ Ukraine,22-Oct-21,,https://www.who.int/emergencies/disease-outbreak-news/item/circulating-vaccine-derived-poliovirus-type-2-(cvdpv2)-ukraine,Polio,cVDPV2,Ukraine,UKR,,,
,Zika Virus Disease â€“ India,14-Oct-21,,https://www.who.int/emergencies/disease-outbreak-news/item/zika-virus-disease-india,Zika virus disease,NA,India,IND,,,
,Yellow Fever- Venezuela (Bolivarian Republic of),13-Oct-21,,https://www.who.int/emergencies/disease-outbreak-news/item/yellow-fever---bolivarian-republic-of-venezuela,Yellow fever,NA,Venezuela,VEN,,,
,Ebola virus disease - Democratic Republic of the Congo,10-Oct-21,,https://www.who.int/emergencies/disease-outbreak-news/item/ebola-virus-disease-democratic-republic-of-the-congo_1,Ebola virus,NA,Democratic Republic of the Congo,COD,,,
,Yellow Fever - Nigeria,1-Oct-21,,https://www.who.int/emergencies/disease-outbreak-news/item/2021-DON336,Yellow fever,NA,Nigeria,NGA,,,
,Plague - Madagascar,1-Oct-21,,https://www.who.int/emergencies/disease-outbreak-news/item/plague---madagascar,Plague,NA,Madagascar,PRK,,,
,Nipah virus disease - India,24-Sep-21,,https://www.who.int/emergencies/disease-outbreak-news/item/nipah-virus-disease---india,Nipah virus,NA,India,IND,,,
,Meningitis - Democratic Republic of the Congo,20-Sep-21,,https://www.who.int/emergencies/disease-outbreak-news/item/2021-DON334,Meningococcal disease,NA,Democratic Republic of the Congo,COD,Neisseria meningitidis,,
,Marburg virus disease - Guinea,17-Sep-21,,https://www.who.int/emergencies/disease-outbreak-news/item/marburg-virus-disease---guinea,Marburg fever,NA,Guinea,GIN,,,
,Middle East respiratory syndrome coronavirus (MERS-CoV) â€“ Saudi Arabia,17-Aug-21,,https://www.who.int/emergencies/disease-outbreak-news/item/2021-DON333,MERS-CoV,NA,Saudi Arabia,SAU,,,
,Human infection with avian influenza A(H5N1) ï½° India,16-Aug-21,,https://www.who.int/emergencies/disease-outbreak-news/item/human-infection-with-avian-influenza-a(h5n1)-%EF%BD%B0-india,Influenza A,H5N1,India,IND,,,
,Marburg virus disease - Guinea,9-Aug-21,,https://www.who.int/emergencies/disease-outbreak-news/item/2021-DON331,Marburg fever,NA,Guinea,GIN,,,
,Monkeypox - United States of America,27-Jul-21,,https://www.who.int/emergencies/disease-outbreak-news/item/monkeypox---the-united-states-of-america,Monkeypox,NA,United States,USA,,,
,Monkeypox - United Kingdom of Great Britain and Northern Ireland,8-Jul-21,,https://www.who.int/emergencies/disease-outbreak-news/item/monkeypox---united-kingdom-of-great-britain-and-northern-ireland,Monkeypox,NA,United Kingdom,GBR,,,
,Ebola virus disease - Guinea,19-Jun-21,,https://www.who.int/emergencies/disease-outbreak-news/item/2021-DON328,Ebola virus,NA,Guinea,GIN,,,
,Monkeypox - United Kingdom of Great Britain and Northern Ireland,11-Jun-21,,https://www.who.int/emergencies/disease-outbreak-news/item/monkeypox---united-kingdom-of-great-britain-and-northern-ireland-ex-nigeria,Monkeypox,NA,United Kingdom,GBR,,,
,Human infection with avian influenza A(H10N3) â€“ China,10-Jun-21,,https://www.who.int/emergencies/disease-outbreak-news/item/human-infection-with-avian-influenza-a(h10n3)-china,Influenza A,H10N3,China,CHN,,,
,Ebola virus disease - Democratic Republic of the Congo,4-May-21,,https://www.who.int/emergencies/disease-outbreak-news/item/2021-DON325,Ebola virus,NA,Democratic Republic of the Congo,COD,,,
,Middle East respiratory syndrome coronavirus (MERS-CoV) - Saudi Arabia,14-Apr-21,,https://www.who.int/emergencies/disease-outbreak-news/item/2021-DON317,MERS-CoV,NA,Saudi Arabia,SAU,,,
,Circulating vaccine-derived poliovirus type 2 â€“ Global update,26-Mar-21,,https://www.who.int/emergencies/disease-outbreak-news/item/circulating-vaccine-derived-poliovirus-type-2-global-update,Polio,cVDPV2,Global,NA,,,
,Middle East respiratory syndrome coronavirus (MERS-CoV) - United Arab Emirates,17-Mar-21,,https://www.who.int/emergencies/disease-outbreak-news/item/2021-DON314,MERS-CoV,NA,United Arab Emirates,ARE,,,
,Human infection with avian influenza A (H5N8) - Russian Federation,26-Feb-21,,https://www.who.int/emergencies/disease-outbreak-news/item/2021-DON313,Influenza A,H5N8,Russia,RUS,,,
,Ebola virus disease - Guinea,17-Feb-21,,https://www.who.int/emergencies/disease-outbreak-news/item/2021-DON312,Ebola virus,NA,Guinea,GIN,,,
,Rift valley fever - Kenya,12-Feb-21,,https://www.who.int/emergencies/disease-outbreak-news/item/2021-DON311,Rift Valley fever,NA,Kenya,KEN,,,
,Ebola virus disease - Democratic Republic of the Congo,10-Feb-21,,https://www.who.int/emergencies/disease-outbreak-news/item/2021-DON310,Ebola virus,NA,Democratic Republic of the Congo,COD,,,
,Influenza A (H3N2) - United States of America,5-Feb-21,,https://www.who.int/emergencies/disease-outbreak-news/item/2021-DON309,Influenza A,H3N2,United States,USA,,,
,MERS-CoV - Saudi Arabia,1-Feb-21,,https://www.who.int/emergencies/disease-outbreak-news/item/2021-DON308,MERS-CoV,NA,Saudi Arabia,SAU,,,
,Cholera - Togo,4-Jan-21,,https://www.who.int/emergencies/disease-outbreak-news/item/cholera-togo,Cholera,NA,Togo,TGO,,,
,Influenza A(H1N2) - Brazil,4-Jan-21,,https://www.who.int/emergencies/disease-outbreak-news/item/2021-DON306,Influenza A,H1N2,Brazil,BRA,,,
,COVID-19 - Global,31-Dec-20,,https://www.who.int/emergencies/disease-outbreak-news/item/2020-DON305,COVID-19,NA,Global,NA,,,
,Yellow Fever - Senegal,29-Dec-20,,https://www.who.int/emergencies/disease-outbreak-news/item/2020-DON303,Yellow fever,NA,Senegal,SEN,went with sylvatic (likely but not confirmed),,
,Yellow Fever - Guinea,23-Dec-20,,https://www.who.int/emergencies/disease-outbreak-news/item/2020-DON302,Yellow fever,NA,Guinea,GIN,went with non sylvatic,,
,COVID-19 - United Kingdom of Great Britain and Northern Ireland,21-Dec-20,,https://www.who.int/emergencies/disease-outbreak-news/item/2020-DON304,COVID-19,NA,United Kingdom,GBR,,,
,COVID-19 - Denmark,3-Dec-20,,https://www.who.int/emergencies/disease-outbreak-news/item/2020-DON301,COVID-19,NA,Denmark,DNK,,,
,Acute hepatitis E - Burkina Faso,27-Nov-20,,https://www.who.int/emergencies/disease-outbreak-news/item/2020-DON300,Hepatitis E,NA,Burkina Faso,BFA,,,
,Yellow Fever - Nigeria,24-Nov-20,,https://www.who.int/emergencies/disease-outbreak-news/item/2020-DON299,Yellow fever,NA,Nigeria,NGA,,,
,Ebola virus disease - Democratic Republic of the Congo,18-Nov-20,,https://www.who.int/emergencies/disease-outbreak-news/item/ebola-virus-disease-democratic-republic-of-the-congo-draft,Ebola virus,NA,Democratic Republic of the Congo,COD,This one is to document the end of an outbreak,,
,Avian Influenza A(H5N1) - Lao Peopleâ€™s Democratic Republic,17-Nov-20,,https://www.who.int/emergencies/disease-outbreak-news/item/avian-influenza-a(h5n1)--lao-people-s-democratic-republic,Influenza A,H5N1,Lao Peopleâ€™s Democratic Republic,LAO,,,
,Rift valley fever - Mauritania,13-Nov-20,,https://www.who.int/emergencies/disease-outbreak-news/item/rift-valley-fever-mauritania,Rift Valley fever,NA,Mauritania,MRT,,,
,COVID-19 - Denmark,6-Nov-20,,https://www.who.int/emergencies/disease-outbreak-news/item/2020-DON297,COVID-19,NA,Denmark,DNK,,,
,Mayaro virus disease - French Guiana,24-Oct-20,,https://www.who.int/emergencies/disease-outbreak-news/item/mayaro-virus-disease---french-guiana-france,Mayaro virus,NA,French Guiana,GUF,,,
,Oropouche virus disease - French Guiana,13-Oct-20,,https://www.who.int/emergencies/disease-outbreak-news/item/oropouche-virus-disease---french-guiana-france,Oropouche fever ,NA,French Guiana,GUF,,,
,Monkeypox - Democratic Republic of the Congo,1-Oct-20,,https://www.who.int/emergencies/disease-outbreak-news/item/monkeypox-democratic-republic-of-the-congo,Monkeypox,NA,Democratic Republic of the Congo,COD,,,
,Disease outbreak news - Chad,24-Sep-20,,https://www.who.int/emergencies/disease-outbreak-news/item/chikungunya-chad,Chikungunya,NA,Chad,TCD,,,
,Ebola virus disease - Democratic Republic of the Congo,3-Sep-20,,https://www.who.int/emergencies/disease-outbreak-news/item/ebola-virus-disease-democratic-republic-of-the-congo,Ebola virus,NA,Democratic Republic of the Congo,COD,,,
,Circulating vaccine-derived poliovirus type 2 - Sudan,1-Sep-20,,https://www.who.int/emergencies/disease-outbreak-news/item/circulating-vaccine-derived-poliovirus-type-2-sudan,Polio,cVDPV2,Sudan,SDN,,,
,Yellow Fever - French Guiana,1-Aug-20,,https://www.who.int/emergencies/disease-outbreak-news/item/2020-DON288,Yellow fever,NA,French Guiana,GUF,,,
,Plague - Democratic Republic of the Congo,23-Jul-20,,https://www.who.int/emergencies/disease-outbreak-news/item/plague-democratic-republic-of-the-congo,Plague,Bubonic,Democratic Republic of the Congo,COD,"""it is likely that all three types of plague clinical presentation (bubonic, septicemic and pneumonic) are present.""",,
,Plague - Democratic Republic of the Congo,23-Jul-20,,https://www.who.int/emergencies/disease-outbreak-news/item/plague-democratic-republic-of-the-congo,Plague,NA,Democratic Republic of the Congo,COD,"""it is likely that all three types of plague clinical presentation (bubonic, septicemic and pneumonic) are present.""",,
,Influenza A(H1N2) - Brazil,9-Jul-20,,https://www.who.int/emergencies/disease-outbreak-news/item/2020-DON286,Influenza A,H1N2,Brazil,BRA,,,
,"MERS-CoV - Eastern Mediterranean Region (EMRO), Saudi Arabia",2-Jul-20,,https://www.who.int/emergencies/disease-outbreak-news/item/2020-DON285,MERS-CoV,NA,Saudi Arabia,SAU,,,
,"Ebola virus disease - African Region (AFRO), Democratic Republic of the Congo",26-Jun-20,,https://www.who.int/emergencies/disease-outbreak-news/item/2020-DON284,Ebola virus,NA,Democratic Republic of the Congo,COD,,,
,"Ebola virus disease - African Region (AFRO), Democratic Republic of the Congo",18-Jun-20,,https://www.who.int/emergencies/disease-outbreak-news/item/2020-DON283,Ebola virus,NA,Democratic Republic of the Congo,COD,,,
,"Yellow Fever - African Region (AFRO), Gabon",17-Jun-20,,https://www.who.int/emergencies/disease-outbreak-news/item/2020-DON282,Yellow fever,NA,Gabon,GAB,"""The detection of the confirmed case of yellow fever in Nyanga Province shows the possibility of spill-over of sylvatic yellow fever in endemic areas to unvaccinated people in a rural area even in the context of moderately high population immunity (70%).""",,
,"Ebola virus disease - African Region (AFRO), Democratic Republic of the Congo",11-Jun-20,,https://www.who.int/emergencies/disease-outbreak-news/item/2020-DON281,Ebola virus,NA,Democratic Republic of the Congo,COD,,,
,"Yellow Fever - African Region (AFRO), Togo",5-Jun-20,,https://www.who.int/emergencies/disease-outbreak-news/item/2020-DON279,Yellow fever,NA,Togo,TGO,"""This confirmed case illustrates that occasional yellow fever cases may occur in unvaccinated individuals due to sylvatic transmission, even in the context of high population immunity.""",,
,"Ebola virus disease - African Region (AFRO), Democratic Republic of the Congo",4-Jun-20,,https://www.who.int/emergencies/disease-outbreak-news/item/2020-DON278,Ebola virus,NA,Democratic Republic of the Congo,COD,,,
,Ebola virus disease - Democratic Republic of the Congo,3-Jun-20,,https://www.who.int/emergencies/disease-outbreak-news/item/2020-DON277,Ebola virus,NA,Democratic Republic of the Congo,COD,,,
,Ebola virus disease - Democratic Republic of the Congo,28-May-20,,https://www.who.int/emergencies/disease-outbreak-news/item/2020-DON276,Ebola virus,NA,Democratic Republic of the Congo,COD,,,
,"Dracunculiasis - African Region (AFRO), Ethiopia",25-May-20,,https://www.who.int/emergencies/disease-outbreak-news/item/2020-DON273,Dracunculiasis,NA,Ethiopia,ETH,,,
,Ebola virus disease - Democratic Republic of the Congo,21-May-20,,https://www.who.int/emergencies/disease-outbreak-news/item/2020-DON275,Ebola virus,NA,Democratic Republic of the Congo,COD,,,
,Ebola virus disease - Democratic Republic of the Congo,14-May-20,,https://www.who.int/emergencies/disease-outbreak-news/7,Ebola virus,NA,Democratic Republic of the Congo,COD,,,
,Ebola virus disease - Democratic Republic of the Congo,7-May-20,,https://www.who.int/emergencies/disease-outbreak-news/item/2020-DON272,Ebola virus,NA,Democratic Republic of the Congo,COD,,,
,"Measles - Burundi
",6-May-20,,https://www.who.int/emergencies/disease-outbreak-news/item/2020-DON264,Measles,NA,Burundi,BDI,,,
,MERS-CoV - Saudi Arabia,5-May-20,,https://www.who.int/emergencies/disease-outbreak-news/item/2020-DON270,MERS-CoV,NA,Saudi Arabia,SAU,,,
,"Ebola virus disease - Democratic Republic of the Congo
",30-Apr-20,,https://www.who.int/emergencies/disease-outbreak-news/item/2020-DON271,Ebola virus,NA,Democratic Republic of the Congo,COD,,,
,Measles - Mexico,24-Apr-20,,https://www.who.int/emergencies/disease-outbreak-news/item/2020-DON267,Measles,NA,Mexico,MEX,,,
,Ebola virus disease - Democratic Republic of the Congo,23-Apr-20,,https://www.who.int/emergencies/disease-outbreak-news/item/2020-DON269,Ebola virus,NA,Democratic Republic of the Congo,COD,,,
,Dengue Fever - France,23-Apr-20,,https://www.who.int/emergencies/disease-outbreak-news/item/2020-DON265,Dengue fever,NA,France,FRA,,,
,Yellow Fever - Ethiopia,22-Apr-20,,https://www.who.int/emergencies/disease-outbreak-news/item/2020-DON263,Yellow fever,NA,Ethiopia,ETH,,,
,Yellow Fever - South Sudan,18-Apr-20,,https://www.who.int/emergencies/disease-outbreak-news/item/2020-DON262,Yellow fever,NA,South Sudan,SSD,,,
,Ebola virus disease - Democratic Republic of the Congo,16-Apr-20,,https://www.who.int/emergencies/disease-outbreak-news/item/2020-DON268,Ebola virus,NA,Democratic Republic of the Congo,COD,,,
,Ebola virus disease - Democratic Republic of the Congo,9-Apr-20,,https://www.who.int/emergencies/disease-outbreak-news/item/2020-DON266,Ebola virus,NA,Democratic Republic of the Congo,COD,,,
,MERS-CoV - Saudi Arabia,8-Apr-20,,https://www.who.int/emergencies/disease-outbreak-news/item/2020-DON261,MERS-CoV,NA,Saudi Arabia,SAU,,,
,Ebola virus disease - Democratic Republic of the Congo,2-Apr-20,,https://www.who.int/emergencies/disease-outbreak-news/item/2020-DON260,Ebola virus,NA,Democratic Republic of the Congo,COD,,,
,Ebola virus disease - Democratic Republic of the Congo,26-Mar-20,,https://www.who.int/emergencies/disease-outbreak-news/item/2020-DON259,Ebola virus,NA,Democratic Republic of the Congo,COD,,,
,Ebola virus disease - Democratic Republic of the Congo,19-Mar-20,,https://www.who.int/emergencies/disease-outbreak-news/item/2020-DON258,Ebola virus,NA,Democratic Republic of the Congo,COD,,,
,Ebola virus disease - Democratic Republic of the Congo,12-Mar-20,,https://www.who.int/emergencies/disease-outbreak-news/item/2020-DON255,Ebola virus,NA,Democratic Republic of the Congo,COD,,,
,MERS-CoV - Qatar,12-Mar-20,,https://www.who.int/emergencies/disease-outbreak-news/item/2020-DON254,MERS-CoV,NA,Qatar,QAT,,,
,"Dengue Fever - Region of the Americas (PAHO) - French Guiana, Guadeloupe, Martinique, Saint-Martin, and Saint-BarthÃ©lemy",10-Mar-20,,https://www.who.int/emergencies/disease-outbreak-news/item/2020-DON251,Dengue fever,NA,French Guiana,GUF,"split to 5, subtypes reported in the DONs but not in the taxonomy",,
,"Dengue Fever - Region of the Americas (PAHO) - French Guiana, Guadeloupe, Martinique, Saint-Martin, and Saint-BarthÃ©lemy",10-Mar-20,,https://www.who.int/emergencies/disease-outbreak-news/item/2020-DON251,Dengue fever,NA,Guadeloupe,GLP,"split to 5, subtypes reported in the DONs but not in the taxonomy",,
,"Dengue Fever - Region of the Americas (PAHO) - French Guiana, Guadeloupe, Martinique, Saint-Martin, and Saint-BarthÃ©lemy",10-Mar-20,,https://www.who.int/emergencies/disease-outbreak-news/item/2020-DON251,Dengue fever,NA,Martinique,MTQ,"split to 5, subtypes reported in the DONs but not in the taxonomy",,
,"Dengue Fever - Region of the Americas (PAHO) - French Guiana, Guadeloupe, Martinique, Saint-Martin, and Saint-BarthÃ©lemy",10-Mar-20,,https://www.who.int/emergencies/disease-outbreak-news/item/2020-DON251,Dengue fever,NA,Saint Martin,MAF,"split to 5, subtypes reported in the DONs but not in the taxonomy",,
,"Dengue Fever - Region of the Americas (PAHO) - French Guiana, Guadeloupe, Martinique, Saint-Martin, and Saint-BarthÃ©lemy",10-Mar-20,,https://www.who.int/emergencies/disease-outbreak-news/item/2020-DON251,Dengue fever,NA,Saint BarthÃ©lemy,BLM,"split to 5, subtypes reported in the DONs but not in the taxonomy",,
,Ebola virus disease - Democratic Republic of the Congo,5-Mar-20,,https://www.who.int/emergencies/disease-outbreak-news/item/2020-DON253,Ebola virus,NA,Democratic Republic of the Congo,COD,,,
,Measles - Central African Republic,4-Mar-20,,https://www.who.int/emergencies/disease-outbreak-news/item/2020-DON246,Measles,NA,Central African Republic,CAF,,,
,Ebola virus disease - Democratic Republic of the Congo,27-Feb-20,,https://www.who.int/emergencies/disease-outbreak-news/item/2020-DON252,Ebola virus,NA,Democratic Republic of the Congo,COD,,,
,MERS-CoV - Saudi Arabia,24-Feb-20,,https://www.who.int/emergencies/disease-outbreak-news/item/2020-DON247,MERS-CoV,NA,Saudi Arabia,SAU,,,
,Dengue Fever - Chile,22-Feb-20,,https://www.who.int/emergencies/disease-outbreak-news/item/2020-DON250,Dengue fever,NA,Chile,CHL,,,
,Yellow Fever - Uganda,21-Feb-20,,https://www.who.int/emergencies/disease-outbreak-news/item/2020-DON249,Yellow fever,NA,Uganda,UGA,,,
,Lassa Fever - Nigeria,20-Feb-20,,https://www.who.int/emergencies/disease-outbreak-news/item/2020-DON245,Lassa fever,NA,Nigeria,NGA,,,
,Ebola virus disease - Democratic Republic of the Congo,20-Feb-20,,https://www.who.int/emergencies/disease-outbreak-news/item/2020-DON248,Ebola virus,NA,Democratic Republic of the Congo,COD,,,
,"Ebola virus disease - Democratic Republic of the Congo
",13-Feb-20,,https://www.who.int/emergencies/disease-outbreak-news/item/2020-DON244,Ebola virus,NA,Democratic Republic of the Congo,COD,,,
,Ebola virus disease - Democratic Republic of the Congo,6-Feb-20,,https://www.who.int/emergencies/disease-outbreak-news/item/2020-DON243,Ebola virus,NA,Democratic Republic of the Congo,COD,,,
,MERS-CoV - United Arab Emirates,31-Jan-20,,https://www.who.int/emergencies/disease-outbreak-news/item/2020-DON239,MERS-CoV,NA,United Arab Emirates,ARE,,,
,Ebola virus disease - Democratic Republic of the Congo,30-Jan-20,,https://www.who.int/emergencies/disease-outbreak-news/item/2020-DON242,Ebola virus,NA,Democratic Republic of the Congo,COD,,,
,"Ebola virus disease - Democratic Republic of the Congo
",23-Jan-20,,https://www.who.int/emergencies/disease-outbreak-news/item/2020-DON241,Ebola virus,NA,Democratic Republic of the Congo,COD,,,
,COVID-19 - Republic of Korea - (ex-China),21-Jan-20,,https://www.who.int/emergencies/disease-outbreak-news/item/2020-DON238,COVID-19,NA,Republic of Korea,KOR,,,
,COVID-19 - Republic of Korea - (ex-China),21-Jan-20,,https://www.who.int/emergencies/disease-outbreak-news/item/2020-DON238,COVID-19,NA,China,CHN,split into extra row for China,,
,Disease outbreak news - Japan,17-Jan-20,,https://www.who.int/emergencies/disease-outbreak-news/item/2020-DON237,COVID-19,NA,Japan,JPN,still calls it novel coronavirus,,
,COVID-19 - Japan - (ex-China),16-Jan-20,,https://www.who.int/emergencies/disease-outbreak-news/item/2020-DON236,COVID-20,NA,Japan,JPN,,,
,Ebola virus disease - Democratic Republic of the Congo,16-Jan-20,,https://www.who.int/emergencies/disease-outbreak-news/item/2020-DON235,Ebola virus,NA,Democratic Republic of the Congo,COD,,,
,"Novel Coronavirus â€“ Thailand (ex-China)
",14-Jan-20,,https://www.who.int/emergencies/disease-outbreak-news/item/2020-DON234,COVID-19,NA,Thailand,THA,,,
,"Novel Coronavirus â€“ Thailand (ex-China)
",14-Jan-20,,https://www.who.int/emergencies/disease-outbreak-news/item/2020-DON234,COVID-19,NA,China,CHN,split into extra row for China,,
,COVID-19 - China,12-Jan-20,,https://www.who.int/emergencies/disease-outbreak-news/item/2020-DON233,COVID-19,NA,China,CHN,,,
,Measles - occupied Palestinian territory,10-Jan-20,,https://www.who.int/emergencies/disease-outbreak-news/item/2020-DON232,Measles,NA,"Palestine, State of",PSE,,,
,Ebola virus disease - Democratic Republic of the Congo,9-Jan-20,,https://www.who.int/emergencies/disease-outbreak-news/item/2020-DON230,Ebola virus,NA,Democratic Republic of the Congo,COD,,,
,MERS-CoV - United Arab Emirates,8-Jan-20,,https://www.who.int/emergencies/disease-outbreak-news/item/2020-DON231,MERS-CoV,NA,United Arab Emirates,ARE,,,
,Pneumonia of unknown cause Ð China,5-Jan-20,,https://www.who.int/emergencies/disease-outbreak-news/item/2020-DON230,COVID-20,NA,China,CHN,,,
,Ebola virus disease - Democratic Republic of the Congo,2-Jan-20,,https://www.who.int/emergencies/disease-outbreak-news/item/2020-DON228,Ebola virus,NA,Democratic Republic of the Congo,COD,,,